	Domain	Phylum	Class	Order	Family	Genus	Species
OTU_1	Archaea	Thaumarchaeota	Nitrososphaeria	Nitrosopumilales	Nitrosopumilaceae		
OTU_2	Bacteria	Proteobacteria	Alphaproteobacteria	Sphingomonadales	Sphingomonadaceae	Sphingorhabdus	
OTU_3	Bacteria	Proteobacteria	Gammaproteobacteria	Enterobacterales	Idiomarinaceae	Idiomarina	
OTU_4	Bacteria	Proteobacteria	Gammaproteobacteria	Salinisphaerales	Solimonadaceae	Polycyclovorans	
OTU_5	Bacteria	Proteobacteria	Alphaproteobacteria	Rhodobacterales	Rhodobacteraceae		
OTU_6	Bacteria	Proteobacteria	Gammaproteobacteria	Pseudomonadales	Pseudomonadaceae	Pseudomonas	
OTU_7	Bacteria	Proteobacteria	Gammaproteobacteria	Pseudomonadales	Alcanivoracaceae1	Alcanivorax	
OTU_8	Bacteria	Bacteroidota	Bacteroidia	Flavobacteriales	Flavobacteriaceae	Maribacter	
OTU_9	Bacteria	Proteobacteria	Alphaproteobacteria	Rhizobiales	Xanthobacteraceae		
OTU_10	Bacteria	Proteobacteria	Gammaproteobacteria	Pseudomonadales	Pseudomonadaceae		
OTU_11	Bacteria	Myxococcota	Polyangia	Nannocystales	Nannocystaceae		
OTU_12	Bacteria	Proteobacteria	Alphaproteobacteria	Rhodobacterales	Rhodobacteraceae		
OTU_13	Bacteria	Proteobacteria	Alphaproteobacteria	Rhizobiales	Rhizobiaceae		
OTU_14	Bacteria	Actinobacteriota	Actinobacteria	Propionibacteriales	Nocardioidaceae	Nocardioides	Nocardioides salsibiostraticola
OTU_15	Bacteria	Bacteroidota	Bacteroidia	Flavobacteriales	Flavobacteriaceae		
OTU_16	Bacteria	Proteobacteria	Gammaproteobacteria	Pseudomonadales	Pseudomonadaceae	Pseudomonas	
OTU_17	Archaea	Thaumarchaeota	Nitrososphaeria	Nitrosopumilales	Nitrosopumilaceae		
OTU_18	Bacteria	Proteobacteria	Gammaproteobacteria	Burkholderiales	Comamonadaceae	Comamonas	
OTU_19	Bacteria	Proteobacteria	Gammaproteobacteria	Pseudomonadales	Halomonadaceae	Halomonas	
OTU_20	Bacteria	Proteobacteria	Alphaproteobacteria	Rhizobiales	Beijerinckiaceae	Methylobacterium-Methylorubrum	
OTU_21	Bacteria	Proteobacteria	Alphaproteobacteria	Sphingomonadales	Sphingomonadaceae		
OTU_22	Bacteria	Bacteroidota	Bacteroidia	Cytophagales	Cyclobacteriaceae	Algoriphagus	
OTU_23	Bacteria	Proteobacteria	Gammaproteobacteria	Enterobacterales	Idiomarinaceae	Idiomarina	
OTU_24	Bacteria	Proteobacteria	Alphaproteobacteria	Caulobacterales	Caulobacteraceae		
OTU_25	Bacteria	Actinobacteriota	Actinobacteria	Micrococcales	Brevibacteriaceae	Brevibacterium	
OTU_26	Bacteria	Nitrospirota	Nitrospiria	Nitrospirales	Nitrospiraceae	Nitrospira	
OTU_27	Bacteria	Proteobacteria	Alphaproteobacteria	Rhodobacterales	Rhodobacteraceae		
OTU_28	Bacteria	Bdellovibrionota	Oligoflexia	0319-6G20			
OTU_29	Bacteria	Bacteroidota	Bacteroidia	Flavobacteriales	Flavobacteriaceae	Kriegella	
OTU_30	Archaea	Thaumarchaeota	Nitrososphaeria	Nitrosopumilales	Nitrosopumilaceae		
OTU_31	Bacteria	Proteobacteria	Alphaproteobacteria	Elsterales	Elsteraceae		
OTU_32	Archaea	Thaumarchaeota	Nitrososphaeria	Nitrosopumilales	Nitrosopumilaceae		
OTU_33	Bacteria	Bacteroidota	Bacteroidia	Sphingobacteriales	Sphingobacteriaceae	Pedobacter	
OTU_34	Bacteria	Bacteroidota	Bacteroidia	Flavobacteriales	Flavobacteriaceae	Gillisia	
OTU_35	Bacteria	Firmicutes	Bacilli	Exiguobacterales	Exiguobacteraceae	Exiguobacterium	
OTU_36	Bacteria	Proteobacteria	Alphaproteobacteria	Rhodobacterales	Rhodobacteraceae		
OTU_37	Bacteria	Proteobacteria	Alphaproteobacteria	Rhodobacterales	Rhodobacteraceae	Jannaschia	
OTU_38	Bacteria	Proteobacteria	Alphaproteobacteria	Rhizobiales	Beijerinckiaceae	Methylobacterium-Methylorubrum	
OTU_39	Bacteria	Proteobacteria	Gammaproteobacteria	Nitrosococcales	Nitrosococcaceae	Inmirania	
OTU_40	Bacteria	Proteobacteria	Alphaproteobacteria	Kordiimonadales	Kordiimonadaceae	Kordiimonas	
OTU_41	Bacteria	Methylomirabilota	Methylomirabilia	Methylomirabilales	Methylomirabilaceae	wb1-A12	
OTU_42	Archaea	Thaumarchaeota	Nitrososphaeria	Nitrosopumilales	Nitrosopumilaceae		
OTU_43	Bacteria	Proteobacteria	Alphaproteobacteria	Sphingomonadales	Sphingomonadaceae		
OTU_44	Bacteria	Actinobacteriota	Actinobacteria	Propionibacteriales	Nocardioidaceae	Aeromicrobium	
OTU_45	Bacteria	Actinobacteriota	Actinobacteria	Corynebacteriales	Nocardiaceae	Rhodococcus	
OTU_46	Archaea	Thaumarchaeota	Nitrososphaeria	Nitrosopumilales	Nitrosopumilaceae		
OTU_47	Bacteria	Proteobacteria	Gammaproteobacteria	Pseudomonadales	Alcanivoracaceae1	Alcanivorax	
OTU_48	Bacteria	Bacteroidota	Bacteroidia	Flavobacteriales	Flavobacteriaceae	Muricauda	
OTU_49	Bacteria	Latescibacterota					
OTU_50	Bacteria	Bacteroidota	Bacteroidia	Flavobacteriales	Flavobacteriaceae	Pricia	Pricia antarctica
OTU_51	Bacteria	Proteobacteria	Gammaproteobacteria	Salinisphaerales	Solimonadaceae	Nevskia	Nevskia terrae
OTU_52	Bacteria	Proteobacteria	Alphaproteobacteria	Rhodobacterales	Rhodobacteraceae		
OTU_53	Bacteria	Proteobacteria	Alphaproteobacteria	Kordiimonadales	Kordiimonadaceae	Kordiimonas	
OTU_54	Archaea	Thaumarchaeota	Nitrososphaeria	Nitrosopumilales	Nitrosopumilaceae		
OTU_55	Bacteria	Actinobacteriota	Actinobacteria	Corynebacteriales	Dietziaceae	Dietzia	
OTU_56	Bacteria	Bacteroidota	Bacteroidia	Flavobacteriales	Flavobacteriaceae	Gelidibacter	Gelidibacter salicanalis
OTU_58	Bacteria	Chloroflexi	Dehalococcoidia	S085			
OTU_59	Bacteria	Proteobacteria	Alphaproteobacteria	Rhizobiales	Beijerinckiaceae	Methylobacterium-Methylorubrum	
OTU_60	Archaea	Nanoarchaeota	Nanoarchaeia	Woesearchaeales			
OTU_62	Archaea	Nanoarchaeota	Nanoarchaeia				
OTU_63	Bacteria	Proteobacteria	Alphaproteobacteria	Sphingomonadales	Sphingomonadaceae		
OTU_64	Bacteria	Proteobacteria	Gammaproteobacteria	Pseudomonadales	Moraxellaceae		
OTU_65	Bacteria	Proteobacteria	Alphaproteobacteria	Sphingomonadales	Sphingomonadaceae	Erythrobacter	
OTU_66	Archaea	Nanoarchaeota	Nanoarchaeia				
OTU_67	Bacteria	Proteobacteria	Alphaproteobacteria	Rhodobacterales	Rhodobacteraceae		
OTU_68	Bacteria	Proteobacteria	Gammaproteobacteria	Pseudomonadales	Alcanivoracaceae1	Alcanivorax	
OTU_69	Archaea	Thaumarchaeota	Nitrososphaeria	Nitrosopumilales	Nitrosopumilaceae	Candidatus Nitrosopumilus	
OTU_70	Bacteria	Proteobacteria	Alphaproteobacteria	Sphingomonadales	Sphingomonadaceae	Altererythrobacter	
OTU_71	Bacteria	Proteobacteria	Gammaproteobacteria	Pseudomonadales	Pseudohongiellaceae	Pseudohongiella	
OTU_72	Bacteria	Proteobacteria	Gammaproteobacteria	Pseudomonadales	Moraxellaceae		
OTU_73	Bacteria	Planctomycetota	Planctomycetes	Pirellulales	Pirellulaceae		
OTU_74	Bacteria	Actinobacteriota	Actinobacteria	Micrococcales	Micrococcaceae	Micrococcus	
OTU_75	Bacteria	Proteobacteria	Gammaproteobacteria	Pseudomonadales	Moraxellaceae	Psychrobacter	
OTU_76	Bacteria	Proteobacteria	Alphaproteobacteria	Sneathiellales	Sneathiellaceae	Sneathiella	
OTU_77	Bacteria	Verrucomicrobiota	Omnitrophia	Omnitrophales			
OTU_78	Bacteria	Proteobacteria	Alphaproteobacteria	Sphingomonadales	Sphingomonadaceae	Sphingorhabdus	
OTU_79	Archaea	Thaumarchaeota	Nitrososphaeria	Nitrosopumilales	Nitrosopumilaceae		
OTU_80	Bacteria	Acidobacteriota	Vicinamibacteria	Acidobacteria group 9			
OTU_81	Bacteria	Proteobacteria	Gammaproteobacteria	Steroidobacterales	Woeseiaceae	Woeseia	
OTU_82	Bacteria	Bacteroidota	Bacteroidia	Cytophagales	Cyclobacteriaceae	Cyclobacterium	
OTU_83	Bacteria	Gemmatimonadota	PAUC43f marine benthic group				
OTU_84	Bacteria	Proteobacteria	Gammaproteobacteria				
OTU_85	Bacteria	Actinobacteriota	Actinobacteria	Corynebacteriales	Nocardiaceae	Rhodococcus	
OTU_86	Bacteria	Proteobacteria	Gammaproteobacteria				
OTU_87	Bacteria	Proteobacteria	Alphaproteobacteria	Parvibaculales			
OTU_88	Bacteria	Proteobacteria	Alphaproteobacteria	Sphingomonadales	Sphingomonadaceae	Parasphingopyxis	
OTU_89	Bacteria	Actinobacteriota	Acidimicrobiia	Actinomarinales			
OTU_90	Bacteria	Proteobacteria	Alphaproteobacteria	Defluviicoccales			
OTU_91	Bacteria	Proteobacteria	Gammaproteobacteria	Pseudomonadales	Porticoccaceae	Porticoccus	
OTU_92	Bacteria	Proteobacteria	Alphaproteobacteria	Kordiimonadales	Kordiimonadaceae	Kordiimonas	
OTU_93	Bacteria	Proteobacteria	Gammaproteobacteria	Pseudomonadales	Pseudomonadaceae	Pseudomonas	
OTU_94	Bacteria	Actinobacteriota	Actinobacteria	Micrococcales	Micrococcaceae		
OTU_95	Bacteria	Actinobacteriota	Acidimicrobiia	Actinomarinales			
OTU_96	Bacteria	Verrucomicrobiota	Omnitrophia	Omnitrophales			
OTU_97							
OTU_98	Eukaryota (Mitochondria)						
OTU_99	Bacteria	Proteobacteria	Gammaproteobacteria	Burkholderiales	Comamonadaceae		
OTU_100	Bacteria	Actinobacteriota	Actinobacteria	Micrococcales	Microbacteriaceae		
OTU_101	Bacteria	Actinobacteriota	Actinobacteria	Micrococcales	Microbacteriaceae		
OTU_102	Bacteria	Bdellovibrionota	Oligoflexia	0319-6G20			
OTU_103	Bacteria	Verrucomicrobiota	Omnitrophia				
OTU_104	Bacteria	Bacteroidota	Bacteroidia	Flavobacteriales	Flavobacteriaceae	Arenibacter	
OTU_105	Bacteria	Methylomirabilota	Methylomirabilia	Methylomirabilales	Methylomirabilaceae	wb1-A12	
OTU_106	Eukaryota (Chloroplast)						
OTU_107	Archaea	Nanoarchaeota					
OTU_108	Bacteria	Proteobacteria	Gammaproteobacteria	Pseudomonadales	Pseudomonadaceae		
OTU_109	Bacteria	Verrucomicrobiota	Omnitrophia	Omnitrophales			
OTU_110	Archaea	Nanoarchaeota	Nanoarchaeia	Woesearchaeales	SCGC AAA011-D5		
OTU_111	Bacteria	NB1-j					
OTU_113	Archaea	Nanoarchaeota	Nanoarchaeia	Woesearchaeales			
OTU_114	Bacteria	Actinobacteriota	Actinobacteria	Corynebacteriales	Corynebacteriaceae	Corynebacterium	
OTU_115	Archaea	Thaumarchaeota	Nitrososphaeria	Nitrosopumilales	Nitrosopumilaceae		
OTU_116	Archaea	Thaumarchaeota	Nitrososphaeria	Nitrosopumilales	Nitrosopumilaceae		
OTU_117	Bacteria	Proteobacteria	Gammaproteobacteria	JTB23			
OTU_119	Archaea	Thaumarchaeota	Nitrososphaeria	Nitrosopumilales	Nitrosopumilaceae		
OTU_120	Bacteria	Proteobacteria	Gammaproteobacteria	Burkholderiales	Alcaligenaceae		
OTU_121	Bacteria	Proteobacteria	Alphaproteobacteria	Defluviicoccales			
OTU_122	Bacteria	Proteobacteria	Gammaproteobacteria	Acidibacter order incertae sedis	Acidibacter family incertae sedis	Acidibacter	
OTU_123	Archaea	Thaumarchaeota	Nitrososphaeria	Nitrosopumilales	Nitrosopumilaceae		
OTU_124	Bacteria	Proteobacteria	Gammaproteobacteria	Enterobacterales	Pseudoalteromonadaceae	Pseudoalteromonas	
OTU_125	Bacteria	Proteobacteria	Gammaproteobacteria	Pseudomonadales	Pseudomonadaceae		
OTU_126	Bacteria	Dependentiae	Babeliae	Babeliales			
OTU_127	Archaea	Thaumarchaeota	Nitrososphaeria	Nitrosopumilales	Nitrosopumilaceae	Candidatus Nitrosopumilus	
OTU_128	Bacteria	Proteobacteria	Gammaproteobacteria	Pseudomonadales	Marinobacteraceae	Marinobacter	
OTU_129	Bacteria	Proteobacteria	Gammaproteobacteria	Pseudomonadales	Alcanivoracaceae1		
OTU_130	Bacteria	Proteobacteria	Alphaproteobacteria	Rhizobiales	Devosiaceae	Devosia	
OTU_131	Bacteria	Chloroflexi	Dehalococcoidia	S085			
OTU_133	Bacteria	Bacteroidota	Bacteroidia	Chitinophagales	Chitinophagaceae	Sediminibacterium	
OTU_134	Bacteria	Proteobacteria	Alphaproteobacteria	Rhizobiales	Rhizobiaceae	Mesorhizobium	
OTU_135	Bacteria	Acidobacteriota	Vicinamibacteria	Vicinamibacterales (Acidobacteria group 6)			
OTU_137	Archaea	Thaumarchaeota	Nitrososphaeria	Nitrosopumilales	Nitrosopumilaceae		
OTU_138	Bacteria	Desulfobacterota					
OTU_139	Archaea	Thaumarchaeota	Nitrososphaeria	Nitrosopumilales	Nitrosopumilaceae		
OTU_140	Bacteria	Verrucomicrobiota	Omnitrophia	Omnitrophales			
OTU_141	Bacteria	Actinobacteriota	Actinobacteria	Micrococcales	Dermabacteraceae	Brachybacterium	
OTU_142	Bacteria	Dadabacteria	Dadabacteriia	Dadabacteriales			
OTU_143	Bacteria	Chloroflexi	JG30-KF-CM66				
OTU_144	Archaea	Thaumarchaeota	Nitrososphaeria	Nitrosopumilales	Nitrosopumilaceae		
OTU_146	Bacteria	Bacteroidota	Bacteroidia	Flavobacteriales	Flavobacteriaceae		
OTU_147	Bacteria	FCPU426					
OTU_148	Bacteria	Proteobacteria	Gammaproteobacteria	Burkholderiales	Comamonadaceae	Polaromonas	
OTU_150	Bacteria	Proteobacteria	Gammaproteobacteria	Enterobacterales			
OTU_151	Bacteria	Proteobacteria	Gammaproteobacteria	Pseudomonadales			
OTU_152	Bacteria	Proteobacteria	Gammaproteobacteria	Burkholderiales	Comamonadaceae		
OTU_153	Bacteria	Proteobacteria	Gammaproteobacteria	Pseudomonadales			
OTU_154	Bacteria	Actinobacteriota	Actinobacteria	Propionibacteriales	Nocardioidaceae	Nocardioides	
OTU_155	Bacteria	Proteobacteria	Gammaproteobacteria	Pseudomonadales	Marinobacteraceae	Marinobacter	
OTU_156	Bacteria	Proteobacteria	Gammaproteobacteria	Thiotrichales	Thiotrichaceae		
OTU_158	Bacteria	Proteobacteria	Alphaproteobacteria	Rhizobiales	Methyloligellaceae		
OTU_159	Bacteria	Proteobacteria	Gammaproteobacteria	Burkholderiales	Burkholderiaceae	Ralstonia	
OTU_162	Bacteria	Bacteroidota	Bacteroidia	Chitinophagales	Chitinophagaceae	Asinibacterium	
OTU_163	Bacteria	Proteobacteria	Gammaproteobacteria	Pseudomonadales	Pseudomonadaceae	Pseudomonas	
OTU_164	Bacteria	Acidobacteriota	Acidobacteria group 21				
OTU_165	Bacteria	Actinobacteriota	Thermoleophilia	Solirubrobacterales	67-14		
OTU_166	Bacteria	Proteobacteria	Gammaproteobacteria	Burkholderiales	Methylophilaceae		
OTU_167	Bacteria	Proteobacteria	Gammaproteobacteria	Pseudomonadales	Pseudomonadaceae		
OTU_168	Bacteria	Myxococcota	bacteriap25				
OTU_169	Bacteria	Bacteroidota	Bacteroidia	Flavobacteriales	Flavobacteriaceae	Maritimimonas	
OTU_170	Bacteria	Proteobacteria	Gammaproteobacteria	Pseudomonadales	Pseudomonadaceae		
OTU_171	Bacteria	Dependentiae	Babeliae	Babeliales	Vermiphilaceae		
OTU_172	Bacteria	Firmicutes	Bacilli	Lactobacillales	Streptococcaceae	Streptococcus	
OTU_173	Bacteria	Proteobacteria	Alphaproteobacteria	Sphingomonadales	Sphingomonadaceae	Sphingopyxis	
OTU_175	Bacteria	Proteobacteria	Alphaproteobacteria	Micropepsales	Micropepsaceae		
OTU_177	Bacteria	Actinobacteriota	Acidimicrobiia	Actinomarinales			
OTU_178	Bacteria	Elusimicrobiota	Lineage IIb				
OTU_179	Bacteria	Proteobacteria	Alphaproteobacteria	Sphingomonadales	Sphingomonadaceae	Sphingorhabdus	
OTU_180	Bacteria	Bacteroidota	Bacteroidia	Flavobacteriales	Flavobacteriaceae	Gramella	Gramella antarctica
OTU_181	Bacteria	Proteobacteria	Gammaproteobacteria	Burkholderiales	Methylophilaceae	Methylophilus	
OTU_183	Archaea	Thaumarchaeota	Nitrososphaeria	Nitrosopumilales	Nitrosopumilaceae		
OTU_184	Bacteria	Proteobacteria	Gammaproteobacteria	Salinisphaerales	Solimonadaceae		
OTU_185	Archaea	Nanoarchaeota	Nanoarchaeia	Woesearchaeales			
OTU_187	Archaea	Thaumarchaeota	Nitrososphaeria	Nitrosopumilales	Nitrosopumilaceae		
OTU_188	Bacteria	Actinobacteriota	Thermoleophilia	Solirubrobacterales	67-14		
OTU_189	Bacteria	Chloroflexi	JG30-KF-CM66				
OTU_190	Bacteria	Proteobacteria	Alphaproteobacteria	Rhizobiales	Beijerinckiaceae	Methylobacterium-Methylorubrum	
OTU_192	Bacteria	Proteobacteria	Gammaproteobacteria	Burkholderiales	Comamonadaceae	Aquabacterium	
OTU_193	Bacteria	Firmicutes	Bacilli	Bacillales	Planococcaceae	Jeotgalibacillus	
OTU_194	Bacteria	Myxococcota	Myxococcia	Myxococcales	Myxococcaceae	P3OB-42	
OTU_195	Archaea	Nanoarchaeota	Nanoarchaeia				
OTU_196	Archaea	Thaumarchaeota	Nitrososphaeria	Nitrosopumilales	Nitrosopumilaceae		
OTU_197	Bacteria	Proteobacteria	Alphaproteobacteria	Rhodobacterales	Rhodobacteraceae		
OTU_198	Bacteria	Verrucomicrobiota	Omnitrophia	Omnitrophales	koll11		
OTU_199	Bacteria	Dadabacteria	Dadabacteriia	Dadabacteriales			
OTU_200	Bacteria	Proteobacteria	Gammaproteobacteria	Coxiellales	Coxiellaceae	Coxiella	
OTU_201	Bacteria	Planctomycetota	Phycisphaerae	C86			
OTU_202	Archaea	Thaumarchaeota	Nitrososphaeria	Nitrosopumilales	Nitrosopumilaceae		
OTU_203	Bacteria	Bacteroidota	Bacteroidia	Flavobacteriales	Flavobacteriaceae	Subsaxibacter	
OTU_204	Bacteria	Dependentiae	Babeliae	Babeliales			
OTU_207	Bacteria	Dependentiae	Babeliae	Babeliales	Vermiphilaceae		
OTU_208	Archaea	Nanoarchaeota	Nanoarchaeia				
OTU_210	Bacteria	Proteobacteria	Gammaproteobacteria	Pseudomonadales	Pseudohongiellaceae	Pseudohongiella	
OTU_211	Archaea	Nanoarchaeota	Nanoarchaeia				
OTU_212	Bacteria	Firmicutes	Bacilli	Staphylococcales	Staphylococcaceae	Staphylococcus	
OTU_213	Bacteria	Proteobacteria	Alphaproteobacteria	Sphingomonadales	Sphingomonadaceae		
OTU_214	Bacteria	Proteobacteria	Alphaproteobacteria	Sphingomonadales	Sphingomonadaceae		
OTU_215	Bacteria	Acidobacteriota	Holophagae	Acidobacteria group 7a			
OTU_216	Bacteria	Proteobacteria	Gammaproteobacteria	Pseudomonadales			
OTU_218	Bacteria	Proteobacteria	Gammaproteobacteria	Enterobacterales			
OTU_221	Bacteria	Gracilibacteria phylum incertae sedis	Gracilibacteria	Candidatus Peribacteria			
OTU_222	Archaea	Thaumarchaeota	Marine Benthic Group A				
OTU_223	Bacteria	Verrucomicrobiota	Omnitrophia	Omnitrophales			
OTU_225	Bacteria	Proteobacteria	Alphaproteobacteria	Sphingomonadales	Sphingomonadaceae		
OTU_226	Bacteria	Proteobacteria	Gammaproteobacteria	Burkholderiales	Comamonadaceae	Comamonas	
OTU_227	Bacteria	Proteobacteria	Gammaproteobacteria				
OTU_228	Bacteria	Chloroflexi	Dehalococcoidia	S085			
OTU_229	Bacteria	Proteobacteria	Gammaproteobacteria	Burkholderiales	Comamonadaceae		
OTU_230	Bacteria	Proteobacteria	Alphaproteobacteria	Sphingomonadales	Sphingomonadaceae	Sphingomonas	
OTU_232	Bacteria	Parcubacteria					
OTU_233	Bacteria	Actinobacteriota	Thermoleophilia	Solirubrobacterales	67-14		
OTU_234	Bacteria	NB1-j					
OTU_235	Bacteria	Proteobacteria	Alphaproteobacteria	Kiloniellales	Kiloniellaceae		
OTU_236	Bacteria	Actinobacteriota	Thermoleophilia	Gaiellales			
OTU_239	Archaea	Nanoarchaeota	Nanoarchaeia				
OTU_240	Bacteria	Proteobacteria	Gammaproteobacteria	Pseudomonadales	Halieaceae		
OTU_241	Bacteria	Elusimicrobiota	Lineage IIa				
OTU_242	Bacteria	Gracilibacteria phylum incertae sedis	Gracilibacteria	Candidatus Peribacteria			
OTU_244	Bacteria	Acidobacteriota	Acidobacteriae	Acidobacteria group 2			
OTU_245	Bacteria	Gracilibacteria phylum incertae sedis	Gracilibacteria	Candidatus Peribacteria			
OTU_246	Bacteria	NB1-j					
OTU_247	Bacteria	Proteobacteria	Alphaproteobacteria	Rhizobiales	Xanthobacteraceae	Bradyrhizobium	
OTU_248	Bacteria	Proteobacteria	Gammaproteobacteria	Steroidobacterales	Woeseiaceae	Woeseia	
OTU_249	Bacteria	Dependentiae	Babeliae	Babeliales			
OTU_251	Bacteria	Proteobacteria	Gammaproteobacteria	Coxiellales			
OTU_254	Bacteria	Proteobacteria	Gammaproteobacteria	Nitrosococcales	Methylophagaceae	Methylophaga	
OTU_255	Bacteria	Dependentiae	Babeliae	Babeliales	Vermiphilaceae		
OTU_256	Bacteria	Dependentiae	Babeliae	Babeliales	Vermiphilaceae		
OTU_257	Archaea	Nanoarchaeota	Nanoarchaeia				
OTU_258	Bacteria	Gemmatimonadota	Gemmatimonadetes	Gemmatimonadales	Gemmatimonadaceae		
OTU_259	Bacteria	Gemmatimonadota	BD2-11 terrestrial group				
OTU_260	Archaea	Nanoarchaeota	Nanoarchaeia	Woesearchaeales			
OTU_261	Bacteria	Proteobacteria	Gammaproteobacteria	Pseudomonadales	Pseudomonadaceae		
OTU_263	Bacteria	Verrucomicrobiota	Omnitrophia	Omnitrophales			
OTU_264	Bacteria						
OTU_266	Bacteria	Proteobacteria	Alphaproteobacteria	Sphingomonadales	Sphingomonadaceae	Sphingorhabdus	
OTU_268	Bacteria	Proteobacteria	Alphaproteobacteria	Sphingomonadales	Sphingomonadaceae	Altererythrobacter	
OTU_269	Archaea	Thaumarchaeota	Nitrososphaeria	Nitrosopumilales	Nitrosopumilaceae		
OTU_270	Bacteria	Proteobacteria	Gammaproteobacteria	Pseudomonadales	Pseudomonadaceae		
OTU_271	Bacteria	Planctomycetota	Planctomycetes	Pirellulales	Pirellulaceae	Pir4 lineage	
OTU_272	Bacteria	Proteobacteria	Alphaproteobacteria	Caulobacterales	Hyphomonadaceae	Hyphomonas	
OTU_274	Archaea	Nanoarchaeota	Nanoarchaeia				
OTU_275	Bacteria	Gemmatimonadota	PAUC43f marine benthic group				
OTU_276	Bacteria	Proteobacteria	Gammaproteobacteria	Pseudomonadales	Pseudomonadaceae		
OTU_277	Bacteria	Firmicutes	Bacilli	Bacillales	Bacillaceae	Bacillus	
OTU_279	Archaea	Thaumarchaeota	Nitrososphaeria	Nitrosopumilales	Nitrosopumilaceae		
OTU_280	Archaea	Nanoarchaeota	Nanoarchaeia	Woesearchaeales			
OTU_281	Bacteria	Proteobacteria	Alphaproteobacteria	Sphingomonadales	Sphingomonadaceae	Sphingorhabdus	
OTU_283	Bacteria	Chloroflexi	Anaerolineae	Anaerolineales	Anaerolineaceae		
OTU_284	Bacteria	NB1-j					
OTU_285	Bacteria						
OTU_286	Bacteria	Proteobacteria	Gammaproteobacteria	Enterobacterales	Idiomarinaceae		
OTU_288	Bacteria	Proteobacteria	Gammaproteobacteria	Pseudomonadales			
OTU_289	Bacteria	Chloroflexi	Dehalococcoidia	S085			
OTU_290	Bacteria	Gemmatimonadota	PAUC43f marine benthic group				
OTU_291	Archaea	Thaumarchaeota	Nitrososphaeria	Nitrosopumilales	Nitrosopumilaceae		
OTU_292	Bacteria	Proteobacteria	Gammaproteobacteria	Diplorickettsiales	Diplorickettsiaceae		
OTU_293	Bacteria	Proteobacteria	Alphaproteobacteria	Rhizobiales	Rhizobiaceae		
OTU_294	Bacteria	NB1-j					
OTU_295	Bacteria	Proteobacteria	Gammaproteobacteria	Pseudomonadales			
OTU_297	Archaea						
OTU_298	Bacteria	Proteobacteria	Gammaproteobacteria	Burkholderiales	Nitrosomonadaceae	Nitrosomonas	
OTU_299	Bacteria	Proteobacteria	Gammaproteobacteria	Pseudomonadales	Spongiibacteraceae	Spongiibacter	
OTU_301	Bacteria	unclassified					
OTU_302	Bacteria	Chloroflexi	Dehalococcoidia	SAR202 clade			
OTU_303	Eukaryota (Mitochondria)						
OTU_304	Bacteria	Proteobacteria	Gammaproteobacteria	Salinisphaerales	Solimonadaceae		
OTU_305	Bacteria	Proteobacteria	Gammaproteobacteria	MD2904-B13			
OTU_306	Bacteria	Acidobacteriota	Thermoanaerobaculia	Thermoanaerobaculales	Thermoanaerobaculaceae	Subgroup 10	
OTU_307	Bacteria	Verrucomicrobiota	Omnitrophia	Omnitrophales			
OTU_308	Bacteria	Verrucomicrobiota	Omnitrophia	Omnitrophales			
OTU_309	Bacteria	Verrucomicrobiota	Lentisphaeria				
OTU_310	Bacteria	Schekmanbacteria					
OTU_312	Archaea	Nanoarchaeota	Nanoarchaeia				
OTU_313	Bacteria	Parcubacteria	Candidatus Yanofskybacteria				
OTU_316	Archaea	Nanoarchaeota					
OTU_318	Bacteria	Actinobacteriota	Acidimicrobiia	Microtrichales			
OTU_320	Bacteria	Chloroflexi	KD4-96				
OTU_321	Bacteria	Proteobacteria	Alphaproteobacteria				
OTU_322	Archaea	Nanoarchaeota					
OTU_323	Bacteria	Parcubacteria	Candidatus Yanofskybacteria				
OTU_324	Bacteria	Proteobacteria	Alphaproteobacteria	Kiloniellales	Kiloniellaceae		
OTU_325	Bacteria	Verrucomicrobiota	Omnitrophia	Omnitrophales			
OTU_326	Bacteria	Proteobacteria	Gammaproteobacteria	Pseudomonadales	Pseudomonadaceae		
OTU_327	Bacteria	Actinobacteriota	Actinobacteria	Corynebacteriales	Corynebacteriaceae		
OTU_328	Bacteria	Dependentiae	Babeliae	Babeliales			
OTU_329	Bacteria	Proteobacteria	Alphaproteobacteria	Kiloniellales	Kiloniellaceae	Kiloniella	
OTU_330	Bacteria	Planctomycetota	Phycisphaerae	C86			
OTU_331	Bacteria	Margulisbacteria					
OTU_333	Archaea	Aenigmarchaeota					
OTU_335	Bacteria	NB1-j					
OTU_336	Bacteria	Proteobacteria	Alphaproteobacteria				
OTU_337	Bacteria	Gracilibacteria phylum incertae sedis	Gracilibacteria	Candidatus Peribacteria			
OTU_338	Bacteria	Proteobacteria	Gammaproteobacteria	Pseudomonadales			
OTU_340	Bacteria	Proteobacteria	Gammaproteobacteria				
OTU_342	Bacteria	Gracilibacteria phylum incertae sedis	Gracilibacteria	Candidatus Peribacteria			
OTU_343	Bacteria	Dadabacteria	Dadabacteriia	Dadabacteriales			
OTU_344	Bacteria	Actinobacteriota	Actinobacteria	Propionibacteriales	Nocardioidaceae	Nocardioides	
OTU_345	Bacteria	Acidobacteriota	Acidobacteriae	Bryobacterales	Bryobacteraceae	Bryobacter	
OTU_347	Bacteria	Deinococcota	Deinococci	Deinococcales	Deinococcaceae	Deinococcus	
OTU_348	Archaea	Thaumarchaeota	Nitrososphaeria	Nitrosopumilales	Nitrosopumilaceae		
OTU_349	Bacteria	Dependentiae	Babeliae	Babeliales			
OTU_351	Bacteria	Proteobacteria	Gammaproteobacteria	Enterobacterales	Idiomarinaceae	Idiomarina	
OTU_352	Bacteria	Proteobacteria	Gammaproteobacteria	Pseudomonadales	Alcanivoracaceae1	Alcanivorax	
OTU_353	Bacteria	Proteobacteria	Gammaproteobacteria	Pseudomonadales	Alcanivoracaceae1		
OTU_356	Archaea	Nanoarchaeota	Nanoarchaeia	Woesearchaeales			
OTU_358	Bacteria	Schekmanbacteria					
OTU_359	Archaea	Thaumarchaeota	Nitrososphaeria	Nitrosopumilales	Nitrosopumilaceae	Candidatus Nitrosopumilus	
OTU_360	Bacteria	Parcubacteria	Candidatus Yanofskybacteria				
OTU_362	Bacteria	Chloroflexi	Anaerolineae	Anaerolineales	Anaerolineaceae		
OTU_363	Archaea	Nanoarchaeota	Nanoarchaeia				
OTU_364	Archaea	Thaumarchaeota	Nitrososphaeria	Nitrosopumilales	Nitrosopumilaceae		
OTU_365	Bacteria	Gracilibacteria phylum incertae sedis	Gracilibacteria	Candidatus Peribacteria			
OTU_366	Archaea	Nanoarchaeota					
OTU_367	Archaea	Nanoarchaeota	Nanoarchaeia				
OTU_370	Bacteria	Dependentiae	Babeliae	Babeliales	Babeliaceae		
OTU_371	Bacteria	Verrucomicrobiota	Verrucomicrobiae	Verrucomicrobiales	Rubritaleaceae	Rubritalea	
OTU_372	Bacteria	Parcubacteria					
OTU_374	Bacteria	Proteobacteria	Gammaproteobacteria	Pseudomonadales	Pseudomonadaceae		
OTU_375	Bacteria	Planctomycetota	Phycisphaerae	C86			
OTU_376	Archaea	Nanoarchaeota	Nanoarchaeia				
OTU_377	Bacteria	Verrucomicrobiota	Omnitrophia	Omnitrophales			
OTU_378	Archaea	Nanoarchaeota	Nanoarchaeia	Woesearchaeales			
OTU_380	Bacteria						
OTU_381	Bacteria	Proteobacteria	Gammaproteobacteria				
OTU_382	Bacteria	Planctomycetota	Phycisphaerae	Phycisphaerales			
OTU_383	Bacteria	Proteobacteria	Alphaproteobacteria				
OTU_384	Bacteria	Verrucomicrobiota	Omnitrophia				
OTU_386	Archaea	Nanoarchaeota	Nanoarchaeia	Woesearchaeales			
OTU_387	Bacteria	Proteobacteria	Alphaproteobacteria				
OTU_389	Bacteria	Verrucomicrobiota	Omnitrophia	Omnitrophales			
OTU_391	Bacteria	Proteobacteria	Alphaproteobacteria	Rhodospirillales	Magnetospiraceae		
OTU_392	Bacteria	Actinobacteriota	Actinobacteria	Propionibacteriales	Nocardioidaceae	Nocardioides	
OTU_393	Bacteria	Proteobacteria	Alphaproteobacteria	Sphingomonadales			
OTU_394	Bacteria	Gracilibacteria phylum incertae sedis	Gracilibacteria				
OTU_396	Bacteria	Proteobacteria	Alphaproteobacteria	Rhizobiales	Hyphomicrobiaceae		
OTU_397	Bacteria	Dependentiae	Babeliae	Babeliales			
OTU_398	Archaea	Thaumarchaeota	Nitrososphaeria	Nitrosopumilales	Nitrosopumilaceae		
OTU_399	Archaea	Iainarchaeota	Iainarchaeia	Iainarchaeales			
OTU_400	Bacteria	Bacteroidota	Bacteroidia	Flavobacteriales	Flavobacteriaceae		
OTU_401	Bacteria						
OTU_404	Archaea	Thaumarchaeota	Nitrososphaeria	Nitrosopumilales	Nitrosopumilaceae		
OTU_405	Bacteria	Firmicutes	Bacilli	Paenibacillales	Paenibacillaceae	Paenibacillus	
OTU_406	Bacteria	Proteobacteria	Gammaproteobacteria	Pseudomonadales			
OTU_408	Bacteria	Dependentiae	Babeliae	Babeliales			
OTU_409	Bacteria	NB1-j					
OTU_411	Bacteria	Verrucomicrobiota	Omnitrophia	Omnitrophales			
OTU_412	Bacteria	Gemmatimonadota	Gemmatimonadetes	Gemmatimonadales			
OTU_413	Bacteria	Gracilibacteria phylum incertae sedis	Gracilibacteria				
OTU_414	Bacteria	Proteobacteria	Alphaproteobacteria				
OTU_415	Archaea	Iainarchaeota	Iainarchaeia				
OTU_417	Bacteria	Proteobacteria	Gammaproteobacteria	Diplorickettsiales			
OTU_418	Bacteria	Verrucomicrobiota	Omnitrophia	Omnitrophales			
OTU_419	Bacteria	Proteobacteria	Alphaproteobacteria	Rhodospirillales	Magnetospiraceae		
OTU_420	Bacteria	Bacteroidota	Bacteroidia	Flavobacteriales	Weeksellaceae	Bergeyella	
OTU_421	Bacteria	Actinobacteriota	Actinobacteria	Propionibacteriales	Nocardioidaceae	Nocardioides	Nocardioides salsibiostraticola
OTU_422	Archaea	Nanoarchaeota					
OTU_423	Bacteria	Chloroflexi	KD4-96				
OTU_424	Bacteria	Proteobacteria	Gammaproteobacteria	Pseudomonadales	Alcanivoracaceae1		
OTU_425	Bacteria	Proteobacteria	Gammaproteobacteria	Enterobacterales	Idiomarinaceae	Idiomarina	
OTU_426							
OTU_428	Bacteria	Proteobacteria	Alphaproteobacteria	Sphingomonadales	Sphingomonadaceae	Altererythrobacter	
OTU_429	Bacteria	Actinobacteriota	Thermoleophilia	Solirubrobacterales	67-14		
OTU_430	Bacteria	Proteobacteria	Alphaproteobacteria	Caulobacterales	Parvularculaceae	Hyphococcus	
OTU_431	Archaea	Nanoarchaeota	Nanoarchaeia	Woesearchaeales			
OTU_432	Archaea	Nanoarchaeota	Nanoarchaeia	Woesearchaeales			
OTU_433	Bacteria	Proteobacteria	Gammaproteobacteria	Burkholderiales	Comamonadaceae	Limnohabitans	
OTU_434	Bacteria	Dependentiae	Babeliae	Babeliales			
OTU_435	Bacteria	Firmicutes	Clostridia				
OTU_436	Bacteria	Proteobacteria	Gammaproteobacteria	Pseudomonadales	Alcanivoracaceae1	Alcanivorax	
OTU_437	Bacteria	Proteobacteria	Gammaproteobacteria				
OTU_438	Bacteria	Planctomycetota	Phycisphaerae	Phycisphaerales	Phycisphaeraceae	Urania-1B-19 marine sediment group	
OTU_440	Bacteria	Proteobacteria	Alphaproteobacteria	Defluviicoccales			
OTU_442	Bacteria	Verrucomicrobiota	Omnitrophia	Omnitrophales			
OTU_444	Bacteria	Myxococcota	bacteriap25				
OTU_445	Bacteria	Actinobacteriota	Actinobacteria	Corynebacteriales	Corynebacteriaceae		
OTU_446	Archaea	Thaumarchaeota	Nitrososphaeria	Nitrosopumilales	Nitrosopumilaceae		
OTU_447	Archaea						
OTU_449	Bacteria	Campylobacterota	Campylobacteria	Campylobacterales	Sulfurovaceae	Sulfurovum	
OTU_450	Bacteria	Proteobacteria	Gammaproteobacteria	Steroidobacterales	Woeseiaceae	Woeseia	
OTU_451	Bacteria	Proteobacteria	Gammaproteobacteria	MD2904-B13			
OTU_452	Bacteria	Planctomycetota	Planctomycetes	Planctomycetales			
OTU_453	Bacteria	Proteobacteria	Gammaproteobacteria				
OTU_454	Bacteria	Dependentiae	Babeliae	Babeliales			
OTU_455	Bacteria	Proteobacteria	Alphaproteobacteria				
OTU_458	Bacteria	Proteobacteria	Alphaproteobacteria	Rhodobacterales	Rhodobacteraceae	Jannaschia	
OTU_459	Bacteria	Verrucomicrobiota	Omnitrophia	Omnitrophales			
OTU_460	Bacteria	Proteobacteria	Alphaproteobacteria	Kiloniellales	Kiloniellaceae		
OTU_461	Bacteria	Planctomycetota	Planctomycetes	Pirellulales	Pirellulaceae		
OTU_462	Bacteria	Campylobacterota	Campylobacteria	Campylobacterales	Sulfurovaceae	Sulfurovum	
OTU_463	Bacteria	Chloroflexi	Dehalococcoidia				
OTU_464	Bacteria	Proteobacteria	Gammaproteobacteria				
OTU_465	Bacteria	Firmicutes	Clostridia	Lachnospirales	Lachnospiraceae		
OTU_466	Archaea	Nanoarchaeota	Nanoarchaeia				
OTU_467	Bacteria	Proteobacteria	Alphaproteobacteria	Sphingomonadales	Sphingomonadaceae	Sphingomonas	
OTU_468	Bacteria	Proteobacteria	Gammaproteobacteria	Enterobacterales			
OTU_469	Bacteria	Verrucomicrobiota	Omnitrophia	Omnitrophales			
OTU_471	Bacteria	Proteobacteria	Gammaproteobacteria	MBMPE27			
OTU_472	Archaea	Nanoarchaeota	Nanoarchaeia	Woesearchaeales			
OTU_473	Bacteria	Zixibacteria					
OTU_474	Archaea	Thaumarchaeota	Nitrososphaeria	Nitrosopumilales	Nitrosopumilaceae		
OTU_475	Bacteria	Actinobacteriota	Thermoleophilia	Gaiellales			
OTU_476	Bacteria	Proteobacteria	Gammaproteobacteria	Pseudomonadales	Pseudomonadaceae		
OTU_477	Archaea	Nanoarchaeota	Nanoarchaeia	Woesearchaeales			
OTU_478	Bacteria	Proteobacteria	Gammaproteobacteria				
OTU_479	Bacteria	Proteobacteria	Gammaproteobacteria	Burkholderiales	Nitrosomonadaceae	DSSD61	
OTU_480	Bacteria	Proteobacteria	Alphaproteobacteria	Rhizobiales			
OTU_481	Bacteria	Proteobacteria	Alphaproteobacteria	Rhodobacterales	Rhodobacteraceae		
OTU_482	Bacteria	Myxococcota	bacteriap25				
OTU_485	Bacteria	Verrucomicrobiota	Omnitrophia	Omnitrophales	Omnitrophaceae		
OTU_487	Bacteria	Proteobacteria	Alphaproteobacteria	Kiloniellales			
OTU_488	Bacteria	Planctomycetota	Phycisphaerae	Phycisphaerales	Phycisphaeraceae	Urania-1B-19 marine sediment group	
OTU_489	Bacteria	Chloroflexi	Anaerolineae	Anaerolineales	Anaerolineaceae		
OTU_490	Bacteria						
OTU_491	Bacteria	Proteobacteria	Alphaproteobacteria	Rhodobacterales	Rhodobacteraceae		
OTU_493	Archaea	Thaumarchaeota	Nitrososphaeria	Nitrosopumilales	Nitrosopumilaceae		
OTU_495	Bacteria	Proteobacteria	Alphaproteobacteria				
OTU_496	Bacteria	Proteobacteria	Gammaproteobacteria	Salinisphaerales			
OTU_497	Bacteria	Verrucomicrobiota	Omnitrophia				
OTU_499	Bacteria	Proteobacteria	Alphaproteobacteria	Rhizobiales	Beijerinckiaceae	Methylobacterium-Methylorubrum	
OTU_501	Bacteria	Margulisbacteria					
OTU_502	Bacteria	Verrucomicrobiota	Verrucomicrobiae	Verrucomicrobiales	DEV007		
OTU_503	Bacteria	Proteobacteria	Gammaproteobacteria				
OTU_504	Archaea	Nanoarchaeota	Nanoarchaeia				
OTU_505	Bacteria	Myxococcota	bacteriap25				
OTU_507	Archaea	Nanoarchaeota	Nanoarchaeia	Woesearchaeales			
OTU_508	Bacteria	Actinobacteriota	Acidimicrobiia	Microtrichales	Ilumatobacteraceae	Ilumatobacter	
OTU_509	Bacteria	Verrucomicrobiota	Omnitrophia	Omnitrophales			
OTU_510	Bacteria	Proteobacteria	Alphaproteobacteria	Rhodobacterales	Rhodobacteraceae	Limimaricola	
OTU_511	Bacteria	Proteobacteria	Gammaproteobacteria	Pseudomonadales	Alcanivoracaceae1		
OTU_512	Bacteria	Proteobacteria	Alphaproteobacteria	Rhodobacterales	Rhodobacteraceae		
OTU_513	Bacteria						
OTU_514	Bacteria	Proteobacteria	Gammaproteobacteria	Enterobacterales	Colwelliaceae	Colwellia	
OTU_515	Bacteria	Proteobacteria	Gammaproteobacteria				
OTU_520	Bacteria	Parcubacteria					
OTU_521	Bacteria	NB1-j					
OTU_522	Bacteria	Chloroflexi	Dehalococcoidia	SAR202 clade			
OTU_523	Bacteria	Planctomycetota	OM190				
OTU_524	Bacteria	Verrucomicrobiota	Chlamydiae	Chlamydiales	Simkaniaceae		
OTU_526	Bacteria	Verrucomicrobiota	Omnitrophia	Omnitrophales			
OTU_527	Bacteria	Proteobacteria	Gammaproteobacteria	Pseudomonadales	Alcanivoracaceae1		
OTU_528	Bacteria	Parcubacteria					
OTU_533	Bacteria	Proteobacteria	Gammaproteobacteria	Enterobacterales	Idiomarinaceae		
OTU_534	Bacteria	Proteobacteria	Alphaproteobacteria	Sphingomonadales	Sphingomonadaceae		
OTU_535	Archaea	Thaumarchaeota	Marine Benthic Group A				
OTU_536	Bacteria	Elusimicrobiota	Lineage IIb				
OTU_537	Bacteria	Acidobacteriota	Acidobacteria group 21				
OTU_538	Archaea						
OTU_539	Archaea	Thaumarchaeota	Nitrososphaeria	Nitrosopumilales	Nitrosopumilaceae		
OTU_540	Bacteria	Myxococcota	Polyangia	Nannocystales			
OTU_541	Bacteria	Proteobacteria	Gammaproteobacteria	EC3			
OTU_542	Bacteria	Verrucomicrobiota	Omnitrophia	Omnitrophales			
OTU_543	Bacteria	Chloroflexi	JG30-KF-CM66				
OTU_549	Bacteria	Proteobacteria	Alphaproteobacteria	Rhodobacterales	Rhodobacteraceae		
OTU_550	Bacteria	SAR324 clade(Marine group B)					
OTU_551	Bacteria	Bacteroidota	Bacteroidia	Flavobacteriales	Crocinitomicaceae	Fluviicola	
OTU_552	Bacteria	Verrucomicrobiota	Verrucomicrobiae	Pedosphaerales			
OTU_553	Bacteria	Elusimicrobiota	Lineage IIa				
OTU_554	Bacteria	Parcubacteria	Candidatus Yanofskybacteria				
OTU_556	Bacteria	Myxococcota	Polyangia	Polyangiales	Sandaracinaceae		
OTU_557	Bacteria	Proteobacteria	Gammaproteobacteria	JTB23			
OTU_558	Bacteria	Chloroflexi	Chloroflexia				
OTU_559	Bacteria	Verrucomicrobiota	Omnitrophia	Omnitrophales			
OTU_562	Bacteria	Proteobacteria	Alphaproteobacteria	Sphingomonadales			
OTU_563	Bacteria	Proteobacteria	Gammaproteobacteria	Coxiellales	Coxiellaceae	Coxiella	
OTU_564	Bacteria	Proteobacteria	Alphaproteobacteria	Rhodobacterales	Rhodobacteraceae		
OTU_566	Bacteria	Proteobacteria	Gammaproteobacteria	Salinisphaerales			
OTU_567	Bacteria	Proteobacteria	Gammaproteobacteria	Pseudomonadales	Pseudomonadaceae		
OTU_568	Bacteria	Proteobacteria	Gammaproteobacteria	Pseudomonadales	Alcanivoracaceae1	Alcanivorax	
OTU_569	Bacteria	Myxococcota	Polyangia	Polyangiales	Polyangiaceae		
OTU_570	Bacteria	Chloroflexi	Dehalococcoidia	S085			
OTU_571	Bacteria	Planctomycetota					
OTU_572	Bacteria						
OTU_574	Bacteria	Acidobacteriota	Acidobacteriae	Acidobacteria group 2			
OTU_575	Bacteria	Verrucomicrobiota	Omnitrophia	Omnitrophales			
OTU_576	Bacteria	Proteobacteria	Alphaproteobacteria	Rhodobacterales	Rhodobacteraceae		
OTU_577	Bacteria	Verrucomicrobiota	Kiritimatiellae	Kiritimatiellales	Kiritimatiellaceae	R76-B128	
OTU_578	Bacteria	Proteobacteria	Alphaproteobacteria	Kiloniellales	Kiloniellaceae		
OTU_579	Bacteria	Proteobacteria	Alphaproteobacteria				
OTU_580	Bacteria	Bacteroidota	Bacteroidia	Flavobacteriales	Flavobacteriaceae	Maribacter	
OTU_581	Archaea	Nanoarchaeota	Nanoarchaeia	Woesearchaeales			
OTU_582	Bacteria	Proteobacteria	Alphaproteobacteria	Rhizobiales	Rhizobiaceae		
OTU_583	Bacteria						
OTU_584	Bacteria	Actinobacteriota	Thermoleophilia	Solirubrobacterales			
OTU_585	Bacteria	Proteobacteria	Gammaproteobacteria	Nitrosococcales	Nitrosococcaceae	SZB85	
OTU_587	Bacteria	Planctomycetota	Planctomycetes	Planctomycetales			
OTU_588	Bacteria	Verrucomicrobiota	Omnitrophia				
OTU_589	Bacteria	Chloroflexi	Dehalococcoidia	SAR202 clade			
OTU_590	Bacteria	Verrucomicrobiota	Omnitrophia	Omnitrophales			
OTU_591	Bacteria	Bacteroidota	Bacteroidia	Flavobacteriales	Flavobacteriaceae		
OTU_592	Bacteria	Gracilibacteria phylum incertae sedis	Gracilibacteria				
OTU_594	Bacteria	Planctomycetota	Planctomycetes	Pirellulales	Pirellulaceae	Pir4 lineage	
OTU_596	Bacteria	Acidobacteriota	Acidobacteriae	Acidobacteria group 13			
OTU_597	Bacteria	Actinobacteriota	Actinobacteria	Nitriliruptorales	Nitriliruptoraceae		
OTU_598	Bacteria	Proteobacteria	Gammaproteobacteria	Pseudomonadales	Pseudohongiellaceae	Pseudohongiella	
OTU_599	Bacteria	Actinobacteriota	Acidimicrobiia	Actinomarinales			
OTU_600	Bacteria	Proteobacteria	Gammaproteobacteria	Salinisphaerales	Solimonadaceae		
OTU_602	Bacteria	Planctomycetota	Phycisphaerae	Phycisphaerales	Phycisphaeraceae		
OTU_603	Bacteria	Planctomycetota	Pla3 lineage				
OTU_604	Bacteria	Proteobacteria	Gammaproteobacteria	Pseudomonadales	Alcanivoracaceae1		
OTU_605	Bacteria	Gracilibacteria phylum incertae sedis	Gracilibacteria	Candidatus Peribacteria			
OTU_606	Bacteria	Proteobacteria	Gammaproteobacteria	Pseudomonadales			
OTU_607	Bacteria	Firmicutes	Bacilli	Bacillales	Bacillaceae	Bacillus	
OTU_608	Bacteria	Proteobacteria	Alphaproteobacteria	Sphingomonadales	Sphingomonadaceae		
OTU_609	Archaea	Nanoarchaeota	Nanoarchaeia	Woesearchaeales			
OTU_611	Archaea	Aenigmarchaeota					
OTU_613	Archaea	Thaumarchaeota	Nitrososphaeria	Nitrosopumilales	Nitrosopumilaceae		
OTU_615	Bacteria	NB1-j					
OTU_616	Bacteria	Verrucomicrobiota	Omnitrophia				
OTU_617	Bacteria	Gracilibacteria phylum incertae sedis	Gracilibacteria				
OTU_618	Bacteria	Planctomycetota	OM190				
OTU_619	Bacteria	Proteobacteria	Alphaproteobacteria	Sphingomonadales	Sphingomonadaceae		
OTU_620	Eukaryota (Mitochondria)						
OTU_621	Bacteria	Actinobacteriota	Actinobacteria	Micrococcales			
OTU_622	Bacteria	Campylobacterota	Campylobacteria	Campylobacterales	Sulfurovaceae	Sulfurovum	
OTU_623	Bacteria	Gracilibacteria phylum incertae sedis	Gracilibacteria				
OTU_625	Bacteria	Proteobacteria	Alphaproteobacteria	Rhizobiales	Rhizobiaceae		
OTU_627	Bacteria	Proteobacteria	Gammaproteobacteria				
OTU_628	Bacteria	Proteobacteria	Gammaproteobacteria	Pseudomonadales	Pseudomonadaceae		
OTU_632	Bacteria	Bacteroidota	Bacteroidia	Flavobacteriales	Flavobacteriaceae	Maribacter	
OTU_633	Bacteria	Dependentiae	Babeliae	Babeliales			
OTU_634	Bacteria	Chloroflexi	Dehalococcoidia	SAR202 clade			
OTU_635	Bacteria	Parcubacteria	Candidatus Yanofskybacteria				
OTU_637	Bacteria	Myxococcota	Polyangia	Blfdi19			
OTU_639	Bacteria	Verrucomicrobiota	Omnitrophia				
OTU_640	Bacteria	NB1-j					
OTU_641	Bacteria	Proteobacteria	Gammaproteobacteria	Diplorickettsiales	Diplorickettsiaceae	Aquicella	
OTU_642	Bacteria	Verrucomicrobiota	Omnitrophia	Omnitrophales			
OTU_643	Bacteria	Proteobacteria	Alphaproteobacteria	Defluviicoccales			
OTU_644	Bacteria	Chloroflexi	Anaerolineae	Anaerolineales	Anaerolineaceae		
OTU_645	Bacteria	Proteobacteria	Gammaproteobacteria				
OTU_646	Bacteria	Planctomycetota	Phycisphaerae	Phycisphaerales	Phycisphaeraceae		
OTU_647	Bacteria	Bacteroidota	Bacteroidia	Flavobacteriales	Crocinitomicaceae	Crocinitomix	
OTU_648	Bacteria	Verrucomicrobiota	Omnitrophia	Omnitrophales			
OTU_649	Bacteria	Gracilibacteria phylum incertae sedis	Gracilibacteria				
OTU_650	Bacteria	Dependentiae	Babeliae	Babeliales			
OTU_651	Archaea	Nanoarchaeota					
OTU_652	Bacteria	Verrucomicrobiota	Omnitrophia	Omnitrophales			
OTU_653	Bacteria	Proteobacteria	Gammaproteobacteria				
OTU_654	Bacteria	Proteobacteria	Gammaproteobacteria	Salinisphaerales	Solimonadaceae		
OTU_656	Bacteria	Actinobacteriota	Actinobacteria	Propionibacteriales	Propionibacteriaceae		
OTU_657	Bacteria	Verrucomicrobiota	Omnitrophia				
OTU_658	Bacteria	Proteobacteria	Gammaproteobacteria				
OTU_659	Bacteria	Myxococcota	bacteriap25				
OTU_660	Bacteria	Proteobacteria	Gammaproteobacteria	Burkholderiales	Comamonadaceae		
OTU_661	Bacteria	Planctomycetota	Planctomycetes	Planctomycetales	Gimesiaceae		
OTU_662	Bacteria	NB1-j					
OTU_663	Archaea	Nanoarchaeota	Nanoarchaeia	Woesearchaeales			
OTU_664	Bacteria	Actinobacteriota	Thermoleophilia	Solirubrobacterales	67-14		
OTU_665	Bacteria	Proteobacteria	Alphaproteobacteria	Rhizobiales	Pleomorphomonadaceae		
OTU_666	Bacteria	Proteobacteria	Gammaproteobacteria	Diplorickettsiales			
OTU_667	Bacteria	Proteobacteria	Alphaproteobacteria	Rhizobiales	Methyloligellaceae		
OTU_668	Archaea	Iainarchaeota	Iainarchaeia				
OTU_669	Bacteria	Proteobacteria	Gammaproteobacteria	SS1-B-04-55			
OTU_674	Bacteria	Proteobacteria	Alphaproteobacteria	Sphingomonadales	Sphingomonadaceae	Sphingorhabdus	
OTU_675	Bacteria	Proteobacteria	Gammaproteobacteria	Pseudomonadales	Alcanivoracaceae1		
OTU_676	Bacteria	NB1-j					
OTU_677	Bacteria	Verrucomicrobiota	Omnitrophia	Omnitrophales	Omnitrophaceae	Candidatus Omnitrophus	
OTU_678	Bacteria	Proteobacteria	Gammaproteobacteria	Coxiellales	Coxiellaceae		
OTU_679	Bacteria						
OTU_681	Bacteria	Gracilibacteria phylum incertae sedis					
OTU_682	Bacteria	Bacteroidota	Bacteroidia	Flavobacteriales	Schleiferiaceae	Schleiferia	
OTU_683	Bacteria	Chloroflexi	KD4-96				
OTU_685	Archaea	Nanoarchaeota	Nanoarchaeia				
OTU_686	Bacteria	Proteobacteria	Gammaproteobacteria	Pseudomonadales	Alcanivoracaceae1		
OTU_688	Bacteria	Proteobacteria	Alphaproteobacteria	Rhodobacterales			
OTU_689	Archaea	Thaumarchaeota	Nitrososphaeria	Nitrosopumilales	Nitrosopumilaceae		
OTU_690	Bacteria	Proteobacteria	Alphaproteobacteria	Kordiimonadales	Kordiimonadaceae	Kordiimonas	
OTU_691	Bacteria	Proteobacteria	Gammaproteobacteria	Pseudomonadales			
OTU_693	Bacteria	Proteobacteria	Gammaproteobacteria	Pseudomonadales			
OTU_694	Archaea	Thaumarchaeota	Nitrososphaeria	Nitrosopumilales	Nitrosopumilaceae		
OTU_695	Archaea	Thaumarchaeota	Nitrososphaeria	Nitrosopumilales	Nitrosopumilaceae		
OTU_696	Bacteria	Verrucomicrobiota	Omnitrophia	Omnitrophales			
OTU_697	Archaea	Nanoarchaeota	Nanoarchaeia	Woesearchaeales			
OTU_699	Bacteria	Proteobacteria	Gammaproteobacteria	Pseudomonadales	Pseudomonadaceae		
OTU_700	Bacteria	Chloroflexi	Dehalococcoidia	SAR202 clade			
OTU_701	Bacteria	Proteobacteria	Alphaproteobacteria	AT-s3-44			
OTU_702	Bacteria	Chloroflexi	Dehalococcoidia	S085			
OTU_703	Archaea	Nanoarchaeota	Nanoarchaeia	Woesearchaeales			
OTU_704	Bacteria	Planctomycetota	Phycisphaerae	C86			
OTU_705	Bacteria	Proteobacteria	Gammaproteobacteria				
OTU_706	Bacteria	Proteobacteria	Alphaproteobacteria	Rhizobiales	Methyloligellaceae	Methyloceanibacter	
OTU_707	Bacteria	Planctomycetota	Planctomycetes	Pirellulales	Pirellulaceae	Pir4 lineage	
OTU_708	Bacteria	Actinobacteriota	Thermoleophilia				
OTU_709	Bacteria	Proteobacteria	Alphaproteobacteria	Rhizobiales	Rhizobiaceae		
OTU_710	Bacteria	Verrucomicrobiota	Omnitrophia	Omnitrophales			
OTU_711	Bacteria	Verrucomicrobiota	Omnitrophia	Omnitrophales			
OTU_712	Archaea						
OTU_713	Bacteria	Proteobacteria	Alphaproteobacteria	Rhodobacterales	Rhodobacteraceae		
OTU_715	Bacteria	Proteobacteria	Gammaproteobacteria	Pseudomonadales			
OTU_716	Bacteria	Proteobacteria	Alphaproteobacteria				
OTU_718	Bacteria	Proteobacteria	Alphaproteobacteria	Sphingomonadales	Sphingomonadaceae		
OTU_721	Bacteria	Proteobacteria	Gammaproteobacteria	Pseudomonadales	Halomonadaceae	Cobetia	
OTU_722	Bacteria	Actinobacteriota	Acidimicrobiia	Microtrichales	Microtrichaceae		
OTU_723	Bacteria	Proteobacteria	Gammaproteobacteria	Coxiellales	Coxiellaceae		
OTU_724	Bacteria	Proteobacteria	Alphaproteobacteria	Kiloniellales	Kiloniellaceae		
OTU_725	Bacteria	Verrucomicrobiota	Omnitrophia	Omnitrophales			
OTU_726	Bacteria	Planctomycetota	Planctomycetes	Pirellulales	Pirellulaceae	Pir4 lineage	
OTU_727	Bacteria	Proteobacteria	Alphaproteobacteria	Sphingomonadales			
OTU_728	Bacteria	Verrucomicrobiota	Omnitrophia	Omnitrophales			
OTU_729	Bacteria	Dependentiae	Babeliae	Babeliales	UBA12411		
OTU_730	Bacteria	Actinobacteriota	Actinobacteria	Propionibacteriales	Nocardioidaceae	Aeromicrobium	
OTU_731	Bacteria	Planctomycetota					
OTU_732	Bacteria	Proteobacteria	Gammaproteobacteria				
OTU_734	Archaea	Nanoarchaeota	Nanoarchaeia				
OTU_735	Bacteria	Proteobacteria	Gammaproteobacteria	Pseudomonadales			
OTU_736	Bacteria	Planctomycetota	Planctomycetes	Pirellulales	Pirellulaceae	Pir4 lineage	
OTU_737	Bacteria	Proteobacteria	Gammaproteobacteria	Pseudomonadales	Pseudomonadaceae	Pseudomonas	
OTU_738	Bacteria	Gemmatimonadota	Gemmatimonadetes	Gemmatimonadales			
OTU_739	Bacteria	Gemmatimonadota	Gemmatimonadetes	Gemmatimonadales	Gemmatimonadaceae		
OTU_740	Bacteria	Proteobacteria	Gammaproteobacteria	Enterobacterales	Idiomarinaceae		
OTU_741	Bacteria	Firmicutes	Bacilli	Paenibacillales	Paenibacillaceae	Paenibacillus	
OTU_742	Bacteria	Proteobacteria	Alphaproteobacteria	AT-s3-44			
OTU_743	Bacteria	Elusimicrobiota	Lineage IIb				
OTU_744	Bacteria	Parcubacteria					
OTU_745	Bacteria	Parcubacteria					
OTU_746	Bacteria	Parcubacteria	Candidatus Yanofskybacteria				
OTU_747	Bacteria	Planctomycetota					
OTU_748	Bacteria	Chloroflexi	Dehalococcoidia	SAR202 clade			
OTU_749	Bacteria	Bacteroidota	Bacteroidia	Flavobacteriales	Flavobacteriaceae	Ulvibacter	
OTU_751	Bacteria	Chloroflexi	Dehalococcoidia	S085			
OTU_752	Bacteria	Proteobacteria	Gammaproteobacteria				
OTU_753	Bacteria	Parcubacteria					
OTU_754	Bacteria	Proteobacteria	Alphaproteobacteria	Rickettsiales			
OTU_755	Bacteria	Parcubacteria					
OTU_756	Bacteria	Gemmatimonadota	Gemmatimonadetes	Gemmatimonadales			
OTU_757	Bacteria	Proteobacteria	Gammaproteobacteria	Enterobacterales	Alteromonadaceae	Glaciecola	
OTU_758	Bacteria	Acidobacteriota	Vicinamibacteria	Acidobacteria group 17			
OTU_759	Bacteria	Dependentiae	Babeliae	Babeliales			
OTU_760	Bacteria	Planctomycetota	Planctomycetes	Planctomycetales			
OTU_761	Bacteria	Chloroflexi	Dehalococcoidia	SAR202 clade			
OTU_762	Bacteria	Dependentiae	Babeliae	Babeliales	Babeliaceae		
OTU_763	Bacteria	Bacteroidota	Bacteroidia	Flavobacteriales	Flavobacteriaceae	Maribacter	
OTU_764	Bacteria	Proteobacteria	Gammaproteobacteria	MBMPE27			
OTU_765	Bacteria	Verrucomicrobiota	Omnitrophia	Omnitrophales	Omnitrophaceae		
OTU_766	Bacteria	Actinobacteriota	Actinobacteria	Corynebacteriales	Corynebacteriaceae	Corynebacterium	
OTU_767	Bacteria	Chloroflexi	JG30-KF-CM66				
OTU_768	Bacteria	Proteobacteria	Alphaproteobacteria	Sphingomonadales	Sphingomonadaceae		
OTU_769	Archaea	Nanoarchaeota	Nanoarchaeia	Woesearchaeales			
OTU_770	Bacteria	Planctomycetota	Planctomycetes	Pirellulales	Pirellulaceae	Pir4 lineage	
OTU_771	Bacteria	Actinobacteriota	Actinobacteria	Propionibacteriales	Nocardioidaceae	Aeromicrobium	
OTU_772	Bacteria	Acidobacteriota	Acidobacteriae	Acidobacteria group 15			
OTU_773	Bacteria	Acidobacteriota	Vicinamibacteria	Acidobacteria group 9			
OTU_774	Bacteria	Actinobacteriota	Actinobacteria	Corynebacteriales	Mycobacteriaceae	Mycobacterium	
OTU_775	Bacteria						
OTU_776	Bacteria	Chloroflexi	Dehalococcoidia	SAR202 clade			
OTU_777	Archaea	Nanoarchaeota					
OTU_778	Archaea	Nanoarchaeota	Nanoarchaeia				
OTU_779	Bacteria	Chloroflexi	Dehalococcoidia	SAR202 clade			
OTU_780	Bacteria	Proteobacteria	Gammaproteobacteria	Pseudomonadales	Porticoccaceae	C1-B045	
OTU_781	Bacteria	Proteobacteria	Alphaproteobacteria	Rhodospirillales	Magnetospiraceae		
OTU_782	Bacteria	Acidobacteriota	Acidobacteria group 22				
OTU_783	Bacteria	Actinobacteriota	Acidimicrobiia	IMCC26256			
OTU_784	Bacteria	Proteobacteria	Alphaproteobacteria	Micavibrionales	Micavibrionaceae		
OTU_785	Bacteria	Bacteroidota	Bacteroidia	Flavobacteriales	Flavobacteriaceae	Winogradskyella	
OTU_786	Bacteria	Planctomycetota	Pla3 lineage				
OTU_787	Bacteria	Verrucomicrobiota	Omnitrophia				
OTU_788	Bacteria	Verrucomicrobiota	Omnitrophia				
OTU_789	Bacteria	Chloroflexi	Dehalococcoidia	S085			
OTU_790	Bacteria	Dependentiae	Babeliae	Babeliales			
OTU_791	Bacteria	Bacteroidota	Bacteroidia	Flavobacteriales	Flavobacteriaceae		
OTU_792	Bacteria	Proteobacteria	Gammaproteobacteria	Pseudomonadales			
OTU_793	Bacteria	Dependentiae	Babeliae	Babeliales			
OTU_794	Bacteria	Chloroflexi	Dehalococcoidia	SAR202 clade			
OTU_795	Bacteria	Planctomycetota	Phycisphaerae	Pla1 lineage			
OTU_796	Bacteria	Dependentiae	Babeliae	Babeliales			
OTU_797	Archaea	Nanoarchaeota	Nanoarchaeia	Woesearchaeales			
OTU_798	Bacteria	Bacteroidota	Bacteroidia	Cytophagales	Cyclobacteriaceae		
OTU_799	Bacteria	Planctomycetota	Planctomycetes	Pirellulales	Pirellulaceae	Rhodopirellula	
OTU_800	Bacteria	Actinobacteriota	Coriobacteriia	CG2-30-50-142			
OTU_801	Archaea	Nanoarchaeota	Nanoarchaeia				
OTU_802	Bacteria	Verrucomicrobiota	Omnitrophia				
OTU_803	Bacteria	Proteobacteria	Gammaproteobacteria	Enterobacterales	Alteromonadaceae		
OTU_804	Bacteria	Bacteroidota	Rhodothermia	Balneolales	Balneolaceae	Gracilimonas	
OTU_805	Bacteria	Firmicutes	Clostridia				
OTU_808	Bacteria	Proteobacteria	Alphaproteobacteria	Sphingomonadales	Sphingomonadaceae		
OTU_809	Bacteria	Proteobacteria	Gammaproteobacteria	Pseudomonadales	Pseudomonadaceae	Pseudomonas	
OTU_810	Bacteria	Parcubacteria	Candidatus Colwellbacteria				
OTU_812	Bacteria	Proteobacteria	Gammaproteobacteria	Salinisphaerales	Solimonadaceae	Polycyclovorans	
OTU_813							
OTU_814	Bacteria	Parcubacteria	Candidatus Yanofskybacteria				
OTU_815	Bacteria	Gracilibacteria phylum incertae sedis	Gracilibacteria	Candidatus Peribacteria			
OTU_817	Bacteria	Parcubacteria	Candidatus Yanofskybacteria				
OTU_819	Bacteria	Proteobacteria	Gammaproteobacteria	Pseudomonadales	Alcanivoracaceae1		
OTU_820	Bacteria	Verrucomicrobiota	Chlamydiae				
OTU_822	Bacteria	Verrucomicrobiota	Chlamydiae	Chlamydiales			
OTU_823	Bacteria	Proteobacteria	Alphaproteobacteria	Reyranellales	Reyranellaceae	Reyranella	
OTU_824	Bacteria	Chloroflexi	JG30-KF-CM66				
OTU_825	Bacteria	Chloroflexi	Dehalococcoidia	SAR202 clade			
OTU_826	Bacteria	Planctomycetota					
OTU_827	Bacteria	Proteobacteria	Gammaproteobacteria	Pseudomonadales			
OTU_828	Bacteria	Desulfobacterota					
OTU_829	Archaea	Nanoarchaeota	Nanoarchaeia				
OTU_830	Bacteria	Planctomycetota	Phycisphaerae	Phycisphaerales	Phycisphaeraceae		
OTU_831	Bacteria	Proteobacteria	Gammaproteobacteria	Coxiellales	Coxiellaceae		
OTU_832	Bacteria	SAR324 clade(Marine group B)					
OTU_833	Bacteria	Gracilibacteria phylum incertae sedis	Gracilibacteria	Candidatus Peribacteria			
OTU_834	Archaea	Nanoarchaeota					
OTU_835	Archaea	Nanoarchaeota	Nanoarchaeia	Woesearchaeales			
OTU_836	Archaea	Nanoarchaeota	Nanoarchaeia				
OTU_837	Archaea	Thaumarchaeota	Nitrososphaeria	Nitrosopumilales	Nitrosopumilaceae		
OTU_838	Bacteria	Bacteroidota	Bacteroidia	Flavobacteriales	Flavobacteriaceae		
OTU_839	Bacteria	Proteobacteria	Alphaproteobacteria	Sphingomonadales			
OTU_840	Bacteria	Proteobacteria	Gammaproteobacteria	Pseudomonadales			
OTU_841	Bacteria	Nitrospirota	Thermodesulfovibrionia				
OTU_842	Bacteria	Proteobacteria	Gammaproteobacteria	Pseudomonadales			
OTU_845	Bacteria	Proteobacteria	Alphaproteobacteria	Sphingomonadales	Sphingomonadaceae	Sphingorhabdus	
OTU_846	Bacteria	Actinobacteriota	Acidimicrobiia	Actinomarinales			
OTU_847	Bacteria	Proteobacteria	Gammaproteobacteria	Salinisphaerales	Solimonadaceae	Polycyclovorans	
OTU_848	Bacteria	Proteobacteria	Alphaproteobacteria	Rhodobacterales	Rhodobacteraceae		
OTU_850	Bacteria	Acidobacteriota	Acidobacteria group 22				
OTU_851	Bacteria	Proteobacteria	Gammaproteobacteria	Burkholderiales	Hydrogenophilaceae	Hydrogenophilus	
OTU_852	Archaea	Aenigmarchaeota					
OTU_853	Bacteria	Bacteroidota	Bacteroidia	Flavobacteriales	Flavobacteriaceae		
OTU_854	Bacteria	Proteobacteria	Gammaproteobacteria	Pseudomonadales			
OTU_855	Bacteria	Proteobacteria	Alphaproteobacteria	Elsterales			
OTU_856	Bacteria	Proteobacteria	Alphaproteobacteria				
OTU_857	Bacteria	Proteobacteria	Gammaproteobacteria	Pseudomonadales	Pseudomonadaceae	Pseudomonas	
OTU_858	Bacteria	Verrucomicrobiota	Chlamydiae	Chlamydiales			
OTU_859	Bacteria	NB1-j					
OTU_862	Archaea	Nanoarchaeota	Nanoarchaeia	Woesearchaeales			
OTU_863	Bacteria	Planctomycetota	Phycisphaerae	CCM11a			
OTU_864	Bacteria	Proteobacteria	Alphaproteobacteria	Sphingomonadales	Sphingomonadaceae		
OTU_865	Bacteria	Proteobacteria	Alphaproteobacteria	Rhodobacterales	Rhodobacteraceae		
OTU_866	Bacteria	NB1-j					
OTU_867	Bacteria	Chloroflexi	Dehalococcoidia	SAR202 clade			
OTU_868	Bacteria	Proteobacteria	Gammaproteobacteria	Coxiellales			
OTU_869	Bacteria	Bdellovibrionota	Oligoflexia	0319-6G20			
OTU_870	Bacteria	Verrucomicrobiota	Omnitrophia	Omnitrophales			
OTU_871	Bacteria	Myxococcota					
OTU_872	Bacteria	Proteobacteria	Gammaproteobacteria	Steroidobacterales	Woeseiaceae	Woeseia	
OTU_873	Bacteria	Proteobacteria	Gammaproteobacteria	Pseudomonadales			
OTU_874	Bacteria	Proteobacteria	Gammaproteobacteria	Pseudomonadales			
OTU_875	Archaea	Nanoarchaeota	Nanoarchaeia	Woesearchaeales			
OTU_876	Bacteria	Planctomycetota	Planctomycetes				
OTU_877	Bacteria	Proteobacteria	Gammaproteobacteria	Salinisphaerales			
OTU_878	Archaea	Nanoarchaeota					
OTU_879	Bacteria	Myxococcota	bacteriap25				
OTU_880	Bacteria	Acidobacteriota	Acidobacteriae	Acidobacteria group 15			
OTU_881	Bacteria	Acidobacteriota	Acidobacteria group 22				
OTU_882	Bacteria	Proteobacteria	Gammaproteobacteria	Enterobacterales			
OTU_883	Bacteria	Planctomycetota	Phycisphaerae	MSBL9			
OTU_884	Bacteria	Chloroflexi	JG30-KF-CM66				
OTU_885	Bacteria	Verrucomicrobiota	Omnitrophia	Omnitrophales			
OTU_886	Bacteria	Gemmatimonadota	BD2-11 terrestrial group				
OTU_887	Bacteria	Sumerlaeota	Sumerlaeia	Sumerlaeales			
OTU_888	Bacteria	Proteobacteria	Gammaproteobacteria	Diplorickettsiales	Diplorickettsiaceae	Aquicella	
OTU_890	Bacteria	Methylomirabilota	Methylomirabilia	Methylomirabilales			
OTU_891	Bacteria	Proteobacteria	Gammaproteobacteria	Piscirickettsiales			
OTU_892	Bacteria	Planctomycetota	Phycisphaerae	Amsterdam-1B-07			
OTU_893	Bacteria	Proteobacteria	Gammaproteobacteria	Pseudomonadales			
OTU_894	Bacteria	Proteobacteria	Gammaproteobacteria	B2M28			
OTU_895	Bacteria	Parcubacteria	Candidatus Yanofskybacteria				
OTU_896	Bacteria	Bacteroidota	Bacteroidia	Cytophagales			
OTU_897	Bacteria	Bdellovibrionota	Oligoflexia				
OTU_898	Bacteria	Proteobacteria	Gammaproteobacteria	EC3			
OTU_899	Bacteria	Proteobacteria	Alphaproteobacteria	Rhizobiales	Hyphomicrobiaceae	Hyphomicrobium	
OTU_901	Archaea	Nanoarchaeota	Nanoarchaeia	Woesearchaeales			
OTU_902	Bacteria						
OTU_904	Bacteria	Bdellovibrionota	Oligoflexia	0319-6G20			
OTU_905	Bacteria	SAR324 clade(Marine group B)					
OTU_906	Bacteria						
OTU_909	Bacteria	Proteobacteria	Alphaproteobacteria	Caulobacterales	Caulobacteraceae	Brevundimonas	
OTU_911	Bacteria	Proteobacteria	Alphaproteobacteria	Rhizobiales	Devosiaceae	Devosia	
OTU_912	Bacteria	Proteobacteria	Alphaproteobacteria				
OTU_913	Bacteria	Dependentiae	Babeliae	Babeliales	Vermiphilaceae		
OTU_914	Bacteria	Proteobacteria	Gammaproteobacteria	Nitrosococcales	Nitrosococcaceae		
OTU_915	Bacteria	Verrucomicrobiota	Verrucomicrobiae	Verrucomicrobiales	Rubritaleaceae	Roseibacillus	
OTU_916	Bacteria	Dependentiae	Babeliae	Babeliales			
OTU_917							
OTU_919	Bacteria	Planctomycetota	Planctomycetes				
OTU_921	Bacteria	Planctomycetota	Planctomycetes	Planctomycetales	Gimesiaceae		
OTU_922	Bacteria	Planctomycetota	Phycisphaerae	Phycisphaerales	Phycisphaeraceae		
OTU_923	Bacteria	Verrucomicrobiota	Omnitrophia				
OTU_924	Bacteria	Proteobacteria	Alphaproteobacteria	Sphingomonadales	Sphingomonadaceae		
OTU_925	Archaea	Nanoarchaeota					
OTU_927	Archaea	Thaumarchaeota	Nitrososphaeria	Nitrosopumilales	Nitrosopumilaceae	Candidatus Nitrosopumilus	
OTU_928	Bacteria	Chloroflexi	JG30-KF-CM66				
OTU_929	Bacteria	Planctomycetota	Brocadiae	Brocadiales	GWA2-50-13		
OTU_930	Bacteria	Bacteroidota	Bacteroidia	Flavobacteriales	Flavobacteriaceae		
OTU_931	Bacteria	Proteobacteria	Alphaproteobacteria				
OTU_932	Bacteria	Actinobacteriota	Acidimicrobiia	Microtrichales			
OTU_933	Bacteria	Proteobacteria	Gammaproteobacteria	Enterobacterales			
OTU_934	Bacteria	Proteobacteria	Gammaproteobacteria	Coxiellales			
OTU_935	Bacteria	Proteobacteria	Gammaproteobacteria				
OTU_936	Bacteria	Proteobacteria	Gammaproteobacteria	Pseudomonadales	Moraxellaceae	Acinetobacter	
OTU_937	Bacteria	Dependentiae	Babeliae	Babeliales			
OTU_938	Bacteria	Proteobacteria	Gammaproteobacteria	Pseudomonadales	Pseudomonadaceae		
OTU_939	Bacteria	Actinobacteriota	Actinobacteria	Micrococcales			
OTU_940	Bacteria	Proteobacteria	Alphaproteobacteria	Parvibaculales			
OTU_941	Bacteria	Proteobacteria	Alphaproteobacteria	Sphingomonadales	Sphingomonadaceae		
OTU_942	Bacteria	Gemmatimonadota	Gemmatimonadetes	Gemmatimonadales	Gemmatimonadaceae		
OTU_943	Bacteria	Chloroflexi	Dehalococcoidia	S085			
OTU_944	Bacteria	Verrucomicrobiota	Verrucomicrobiae	Opitutales			
OTU_945	Bacteria	SAR324 clade(Marine group B)					
OTU_946	Bacteria	Planctomycetota	Pla3 lineage				
OTU_947	Bacteria	Chloroflexi	Dehalococcoidia	SAR202 clade			
OTU_948	Bacteria	Actinobacteriota	Thermoleophilia	Gaiellales			
OTU_949	Bacteria	Bacteroidota	Bacteroidia	Cytophagales	Cyclobacteriaceae		
OTU_950	Archaea	Nanoarchaeota	Nanoarchaeia	Woesearchaeales			
OTU_951	Bacteria	Acidobacteriota	Acidobacteria group 22				
OTU_952	Bacteria	Dependentiae	Babeliae	Babeliales			
OTU_953	Bacteria	Acidobacteriota	Acidobacteria group 22				
OTU_954	Bacteria	Chloroflexi	JG30-KF-CM66				
OTU_955	Bacteria	Dependentiae	Babeliae	Babeliales			
OTU_956	Bacteria	Actinobacteriota	Actinobacteria	Propionibacteriales	Nocardioidaceae	Nocardioides	Nocardioides salsibiostraticola
OTU_958	Bacteria	Actinobacteriota	Thermoleophilia	Solirubrobacterales	Solirubrobacteraceae		
OTU_959	Bacteria	Actinobacteriota	Thermoleophilia	Solirubrobacterales	67-14		
OTU_960	Bacteria	Proteobacteria	Alphaproteobacteria				
OTU_961	Bacteria	Proteobacteria	Alphaproteobacteria				
OTU_962	Archaea	Nanoarchaeota	Nanoarchaeia				
OTU_963	Archaea	Nanoarchaeota	Nanoarchaeia				
OTU_964	Bacteria	Dadabacteria	Dadabacteriia	Dadabacteriales			
OTU_965	Bacteria	Actinobacteriota	Acidimicrobiia	Microtrichales	Microtrichaceae	IMCC26207	
OTU_966	Archaea	Nanoarchaeota	Nanoarchaeia	Woesearchaeales			
OTU_967	Bacteria	Actinobacteriota	Actinobacteria	Propionibacteriales	Nocardioidaceae	Nocardioides	
OTU_968	Bacteria	Planctomycetota	Planctomycetes	Planctomycetales			
OTU_969	Bacteria	Dependentiae	Babeliae	Babeliales			
OTU_970	Bacteria	Acidobacteriota	Acidobacteria group 22				
OTU_971	Bacteria	Proteobacteria	Gammaproteobacteria	Pseudomonadales	Halieaceae		
OTU_972	Archaea	Nanoarchaeota	Nanoarchaeia	Woesearchaeales			
OTU_973	Bacteria	Proteobacteria	Gammaproteobacteria	Pseudomonadales	Pseudomonadaceae		
OTU_974	Archaea	Nanoarchaeota	Nanoarchaeia	Woesearchaeales			
OTU_975	Bacteria	Verrucomicrobiota	Omnitrophia	Omnitrophales			
OTU_976	Bacteria	Proteobacteria	Alphaproteobacteria	Caulobacterales	Caulobacteraceae	Phenylobacterium	
OTU_977	Bacteria	MBNT15					
OTU_978	Bacteria	Proteobacteria	Gammaproteobacteria	Coxiellales	Coxiellaceae		
OTU_979	Bacteria	Proteobacteria	Alphaproteobacteria	Paracaedibacterales			
OTU_980	Bacteria	Firmicutes	Bacilli	Bacillales			
OTU_981	Bacteria	Proteobacteria	Gammaproteobacteria	Coxiellales	Coxiellaceae		
OTU_982	Bacteria	Dependentiae	Babeliae	Babeliales			
OTU_983	Bacteria	Dependentiae	Babeliae	Babeliales			
OTU_984	Bacteria	Proteobacteria	Gammaproteobacteria				
OTU_985	Bacteria	Myxococcota	bacteriap25				
OTU_986	Bacteria	Verrucomicrobiota	Omnitrophia	Omnitrophales			
OTU_987	Bacteria	Chloroflexi	Dehalococcoidia	SAR202 clade			
OTU_988	Bacteria	Proteobacteria	Alphaproteobacteria	Kiloniellales	Kiloniellaceae		
OTU_989	Bacteria	Proteobacteria	Gammaproteobacteria	Coxiellales	Coxiellaceae		
